-- phpMyAdmin SQL Dump
-- version 4.8.5
-- https://www.phpmyadmin.net/
--
-- Host: 127.0.0.1:3306
-- Generation Time: 26-Nov-2019 às 01:54
-- Versão do servidor: 5.7.26
-- versão do PHP: 7.2.18

SET SQL_MODE = "NO_AUTO_VALUE_ON_ZERO";
SET AUTOCOMMIT = 0;
START TRANSACTION;
SET time_zone = "+00:00";


/*!40101 SET @OLD_CHARACTER_SET_CLIENT=@@CHARACTER_SET_CLIENT */;
/*!40101 SET @OLD_CHARACTER_SET_RESULTS=@@CHARACTER_SET_RESULTS */;
/*!40101 SET @OLD_COLLATION_CONNECTION=@@COLLATION_CONNECTION */;
/*!40101 SET NAMES utf8mb4 */;

--
-- Database: `localfarmdb`
--

-- --------------------------------------------------------

--
-- Estrutura da tabela `producao`
--

DROP TABLE IF EXISTS `producao`;
CREATE TABLE IF NOT EXISTS `producao` (
  `id` int(11) NOT NULL AUTO_INCREMENT,
  `tipo` varchar(255) NOT NULL,
  `qtd` int(10) NOT NULL,
  `preco_uni` float(10,5) NOT NULL,
  `descricao` varchar(500) NOT NULL,
  `data_prod` date NOT NULL,
  `id_usu` int(10) NOT NULL,
  PRIMARY KEY (`id`),
  KEY `id_usu` (`id_usu`)
) ENGINE=MyISAM AUTO_INCREMENT=35 DEFAULT CHARSET=latin1;

--
-- Extraindo dados da tabela `producao`
--

INSERT INTO `producao` (`id`, `tipo`, `qtd`, `preco_uni`, `descricao`, `data_prod`, `id_usu`) VALUES
(1, 'batata', 126, 1.49000, ' batata inglesa, quando preparada corretamente, pode trazer benefícios à saúde.', '2018-01-20', 3),
(2, 'pera', 29, 8.51000, 'Os benefícios da pera incluem uma grande quantidade de vitaminas, antioxidantes, fibras, proteínas, além de muita água.', '2019-01-03', 2),
(3, 'pera', 29, 8.51000, 'Os benefícios da pera incluem uma grande quantidade de vitaminas, antioxidantes, fibras, proteínas, além de muita água.', '2019-01-03', 2),
(4, 'cenoura', 53, 9.14000, 'A cenoura é uma raiz que traz benefícios para a saúde como prevenir o envelhecimento, câncer, proteger a visão e manter o bronzeado.', '2019-02-16', 1),
(5, 'jabuticaba', 42, 1.78000, 'A jabuticaba é uma fruta brasileira, que se diferencia de outras pois cresce diretamente no tronco de sua árvore. ', '2017-03-08', 2),
(6, 'beterraba', 70, 7.17000, 'A beterraba traz benefícios para a saúde como prevenir câncer, diminuir a pressão alta, prevenir catarata e fortalecer o sistema imune.', '2019-11-26', 2),
(7, 'uva', 67, 3.73000, 'A uva é fonte de carboidratos, importantes para o fornecimento de energia para o corpo. Também contém vitamina C, vitaminas do complexo B e sais minerais como ferro, cálcio e potássio.', '2017-04-03', 5),
(8, 'abacate', 63, 4.93000, 'Apesar do alto valor calórico, o abacate é um dos melhores alimentos para controlar o colesterol e minimizar o risco cardíaco.', '2017-10-16', 2),
(9, 'cenoura', 22, 2.50000, 'A cenoura é uma raiz que traz benefícios para a saúde como prevenir o envelhecimento, câncer, proteger a visão e manter o bronzeado.', '2019-08-10', 5),
(10, 'beterraba', 28, 6.18000, 'A beterraba traz benefícios para a saúde como prevenir câncer, diminuir a pressão alta, prevenir catarata e fortalecer o sistema imune.', '2018-10-18', 3),
(11, 'tomate', 40, 3.01000, 'Além de muito rico em nutrientes, o fruto também tem diversos benefícios como manter a pele saudável.', '2017-11-25', 1),
(12, 'cenoura', 110, 1.95000, 'A cenoura é uma raiz que traz benefícios para a saúde como prevenir o envelhecimento, câncer, proteger a visão e manter o bronzeado.', '2019-02-10', 2),
(13, 'abacaxi', 69, 5.59000, 'O abacaxi ajuda a emagrecer, protege de doenças cardiovasculares e auxilia na recuperação do corpo após exercícios. ', '2019-10-08', 3),
(14, 'abacaxi', 43, 4.18000, 'O abacaxi ajuda a emagrecer, protege de doenças cardiovasculares e auxilia na recuperação do corpo após exercícios. ', '2019-05-26', 2),
(15, 'pera', 29, 8.51000, 'Os benefícios da pera incluem uma grande quantidade de vitaminas, antioxidantes, fibras, proteínas, além de muita água.', '2019-01-03', 2),
(16, 'cenoura', 53, 9.14000, 'A cenoura é uma raiz que traz benefícios para a saúde como prevenir o envelhecimento, câncer, proteger a visão e manter o bronzeado.', '2019-02-16', 1),
(17, 'jabuticaba', 42, 1.78000, 'A jabuticaba é uma fruta brasileira, que se diferencia de outras pois cresce diretamente no tronco de sua árvore. ', '2017-03-08', 2),
(18, 'beterraba', 70, 7.17000, 'A beterraba traz benefícios para a saúde como prevenir câncer, diminuir a pressão alta, prevenir catarata e fortalecer o sistema imune.', '2019-11-26', 2),
(19, 'uva', 67, 3.73000, 'A uva é fonte de carboidratos, importantes para o fornecimento de energia para o corpo. Também contém vitamina C, vitaminas do complexo B e sais minerais como ferro, cálcio e potássio.', '2017-04-03', 5),
(20, 'abacate', 63, 4.93000, 'Apesar do alto valor calórico, o abacate é um dos melhores alimentos para controlar o colesterol e minimizar o risco cardíaco.', '2017-10-16', 2),
(21, 'cenoura', 22, 2.50000, 'A cenoura é uma raiz que traz benefícios para a saúde como prevenir o envelhecimento, câncer, proteger a visão e manter o bronzeado.', '2019-08-10', 5),
(22, 'beterraba', 28, 6.18000, 'A beterraba traz benefícios para a saúde como prevenir câncer, diminuir a pressão alta, prevenir catarata e fortalecer o sistema imune.', '2018-10-18', 3),
(23, 'tomate', 40, 3.01000, 'Além de muito rico em nutrientes, o fruto também tem diversos benefícios como manter a pele saudável.', '2017-11-25', 1),
(24, 'cenoura', 110, 1.95000, 'A cenoura é uma raiz que traz benefícios para a saúde como prevenir o envelhecimento, câncer, proteger a visão e manter o bronzeado.', '2019-02-10', 2),
(25, 'abacaxi', 69, 5.59000, 'O abacaxi ajuda a emagrecer, protege de doenças cardiovasculares e auxilia na recuperação do corpo após exercícios. ', '2019-10-08', 3),
(26, 'abacaxi', 43, 4.18000, 'O abacaxi ajuda a emagrecer, protege de doenças cardiovasculares e auxilia na recuperação do corpo após exercícios. ', '2019-05-26', 2),
(27, 'melão', 127, 8.13000, 'O melão é uma fruta com baixas calorias, bastante rica nutricionalmente e que pode ser usada para emagrecer e hidratar a pele, além de ser rica em vitamina A e flavonoides, poderosos antioxidantes que atuam prevenindo problemas como doenças cardíacas e envelhecimento precoce.', '2017-11-04', 1),
(28, 'pêssego', 47, 6.45000, 'O pêssego é uma fruta típica do verão abundante em nutrientes como vitaminas A, C e do complexo B, além de conter uma casca comestível rica em fibras que ajudam no funcionamento do intestino e dão saciedade', '2017-01-31', 5),
(29, 'cebola', 64, 9.90000, 'A cebola é o bulbo das plantas conhecidas cientificamente como Allium cepa. As cebolas são cultivadas no mundo inteiro e proporcionam vários benefícios.', '2018-07-27', 2),
(30, 'berinjela', 31, 1.04000, 'A berinjela diminui o colesterol, ajuda a emagrecer e previne a aterosclerose. Veja as melhores receitas para aproveitar todos seus benefícios.', '2019-10-21', 5),
(31, 'agrião', 94, 3.05000, 'Com toque levemente picante, sabor e aroma bem característicos, o agrião está presente em muitas preparações do nosso dia a dia.', '2019-04-20', 5),
(32, 'tomate', 124, 8.28000, 'Além de muito rico em nutrientes, o fruto também tem diversos benefícios como manter a pele saudável.', '2019-05-29', 2),
(33, 'cenoura', 1, 7.22000, 'A cenoura é uma raiz que traz benefícios para a saúde como prevenir o envelhecimento, câncer, proteger a visão e manter o bronzeado.', '2017-07-26', 2),
(34, 'maçã', 126, 6.93000, 'O fruto se destaca pela grande variedade de substâncias benéficas, como vitamina C, fibras e antioxidantes', '2019-11-19', 1);

-- --------------------------------------------------------

--
-- Estrutura da tabela `prod_vend`
--

DROP TABLE IF EXISTS `prod_vend`;
CREATE TABLE IF NOT EXISTS `prod_vend` (
  `id_prod_vend` int(10) NOT NULL AUTO_INCREMENT,
  `qtd` int(10) NOT NULL,
  `id_venda` int(10) NOT NULL,
  `id_prod` int(10) NOT NULL,
  PRIMARY KEY (`id_prod_vend`),
  KEY `fk_to_vend` (`id_venda`),
  KEY `fk_to_prod` (`id_prod`)
) ENGINE=MyISAM AUTO_INCREMENT=501 DEFAULT CHARSET=latin1;

--
-- Extraindo dados da tabela `prod_vend`
--

INSERT INTO `prod_vend` (`id_prod_vend`, `qtd`, `id_venda`, `id_prod`) VALUES
(1, 21, 62, 10),
(2, 104, 11, 17),
(3, 93, 10, 16),
(4, 104, 34, 20),
(5, 142, 84, 4),
(6, 26, 43, 17),
(7, 177, 50, 13),
(8, 54, 40, 12),
(9, 110, 93, 12),
(10, 197, 27, 3),
(11, 189, 37, 10),
(12, 127, 14, 7),
(13, 63, 55, 17),
(14, 22, 77, 9),
(15, 2, 65, 20),
(16, 118, 2, 9),
(17, 41, 93, 19),
(18, 13, 54, 13),
(19, 36, 18, 4),
(20, 78, 79, 15),
(21, 200, 13, 20),
(22, 18, 81, 13),
(23, 138, 14, 14),
(24, 41, 20, 3),
(25, 46, 76, 12),
(26, 22, 67, 3),
(27, 118, 88, 19),
(28, 94, 90, 13),
(29, 124, 99, 17),
(30, 54, 66, 16),
(31, 176, 23, 20),
(32, 88, 57, 3),
(33, 22, 44, 6),
(34, 116, 2, 9),
(35, 189, 96, 13),
(36, 36, 29, 2),
(37, 186, 95, 9),
(38, 125, 67, 7),
(39, 170, 7, 12),
(40, 63, 25, 7),
(41, 179, 9, 14),
(42, 100, 70, 20),
(43, 198, 63, 2),
(44, 123, 50, 18),
(45, 97, 76, 8),
(46, 98, 49, 1),
(47, 74, 16, 7),
(48, 94, 70, 1),
(49, 114, 53, 1),
(50, 92, 40, 11),
(51, 176, 1, 7),
(52, 71, 63, 10),
(53, 91, 8, 10),
(54, 112, 4, 12),
(55, 3, 50, 16),
(56, 109, 100, 16),
(57, 39, 51, 20),
(58, 123, 99, 18),
(59, 45, 12, 6),
(60, 176, 79, 12),
(61, 70, 98, 19),
(62, 60, 19, 12),
(63, 42, 8, 11),
(64, 200, 41, 16),
(65, 59, 15, 14),
(66, 90, 99, 10),
(67, 192, 94, 6),
(68, 130, 65, 9),
(69, 23, 42, 7),
(70, 120, 53, 14),
(71, 184, 36, 4),
(72, 25, 97, 20),
(73, 90, 2, 7),
(74, 92, 37, 13),
(75, 121, 3, 2),
(76, 5, 23, 1),
(77, 184, 4, 19),
(78, 19, 100, 16),
(79, 96, 28, 3),
(80, 147, 52, 7),
(81, 92, 67, 11),
(82, 78, 59, 18),
(83, 189, 26, 5),
(84, 157, 12, 1),
(85, 178, 50, 12),
(86, 133, 51, 20),
(87, 144, 5, 12),
(88, 173, 53, 8),
(89, 188, 85, 4),
(90, 141, 16, 12),
(91, 13, 17, 4),
(92, 152, 53, 13),
(93, 86, 97, 2),
(94, 39, 50, 6),
(95, 5, 95, 19),
(96, 104, 70, 13),
(97, 185, 74, 20),
(98, 182, 8, 10),
(99, 162, 89, 20),
(100, 133, 66, 10),
(101, 38, 34, 18),
(102, 14, 75, 5),
(103, 98, 98, 9),
(104, 188, 16, 19),
(105, 122, 24, 13),
(106, 182, 24, 4),
(107, 44, 25, 14),
(108, 170, 91, 13),
(109, 70, 20, 15),
(110, 141, 85, 13),
(111, 70, 92, 12),
(112, 67, 25, 11),
(113, 161, 8, 8),
(114, 42, 58, 2),
(115, 12, 26, 8),
(116, 175, 74, 7),
(117, 15, 27, 11),
(118, 7, 80, 18),
(119, 9, 8, 11),
(120, 55, 94, 4),
(121, 53, 5, 6),
(122, 54, 73, 9),
(123, 35, 47, 8),
(124, 189, 86, 10),
(125, 120, 56, 18),
(126, 88, 57, 15),
(127, 4, 40, 17),
(128, 159, 52, 4),
(129, 100, 97, 16),
(130, 171, 91, 16),
(131, 163, 34, 1),
(132, 176, 72, 14),
(133, 187, 59, 9),
(134, 106, 94, 6),
(135, 140, 24, 15),
(136, 62, 39, 19),
(137, 113, 21, 19),
(138, 113, 16, 4),
(139, 181, 61, 8),
(140, 12, 88, 1),
(141, 29, 18, 4),
(142, 149, 4, 12),
(143, 37, 55, 15),
(144, 58, 11, 12),
(145, 28, 39, 15),
(146, 74, 85, 14),
(147, 68, 20, 17),
(148, 93, 40, 18),
(149, 193, 25, 10),
(150, 141, 43, 2),
(151, 123, 53, 5),
(152, 57, 67, 15),
(153, 48, 4, 11),
(154, 35, 78, 11),
(155, 104, 73, 3),
(156, 114, 35, 3),
(157, 162, 36, 17),
(158, 146, 34, 17),
(159, 49, 32, 12),
(160, 183, 52, 9),
(161, 40, 52, 7),
(162, 28, 62, 19),
(163, 43, 87, 18),
(164, 115, 94, 8),
(165, 4, 22, 3),
(166, 168, 97, 5),
(167, 121, 17, 14),
(168, 191, 71, 15),
(169, 133, 58, 1),
(170, 90, 3, 10),
(171, 124, 85, 20),
(172, 22, 81, 2),
(173, 49, 28, 16),
(174, 138, 100, 4),
(175, 193, 25, 3),
(176, 99, 37, 3),
(177, 171, 67, 14),
(178, 69, 30, 19),
(179, 137, 83, 16),
(180, 171, 12, 2),
(181, 78, 20, 6),
(182, 117, 54, 2),
(183, 41, 98, 5),
(184, 185, 47, 1),
(185, 73, 14, 19),
(186, 12, 20, 15),
(187, 39, 25, 1),
(188, 38, 49, 12),
(189, 170, 62, 17),
(190, 109, 49, 17),
(191, 131, 63, 13),
(192, 98, 41, 8),
(193, 191, 46, 4),
(194, 130, 49, 6),
(195, 70, 39, 14),
(196, 22, 9, 7),
(197, 113, 57, 1),
(198, 29, 82, 2),
(199, 113, 77, 8),
(200, 109, 19, 13),
(201, 45, 24, 6),
(202, 196, 55, 11),
(203, 48, 83, 1),
(204, 169, 13, 17),
(205, 162, 75, 10),
(206, 198, 24, 10),
(207, 193, 60, 18),
(208, 156, 13, 7),
(209, 98, 80, 18),
(210, 17, 83, 12),
(211, 143, 94, 17),
(212, 9, 93, 4),
(213, 15, 82, 9),
(214, 94, 66, 10),
(215, 188, 49, 16),
(216, 44, 56, 2),
(217, 157, 28, 6),
(218, 177, 25, 17),
(219, 171, 94, 14),
(220, 160, 50, 12),
(221, 72, 83, 7),
(222, 6, 3, 4),
(223, 3, 9, 20),
(224, 78, 25, 19),
(225, 172, 18, 8),
(226, 148, 30, 16),
(227, 124, 20, 10),
(228, 99, 53, 8),
(229, 18, 65, 19),
(230, 156, 29, 14),
(231, 9, 99, 19),
(232, 88, 7, 6),
(233, 52, 11, 5),
(234, 81, 20, 18),
(235, 14, 5, 13),
(236, 15, 88, 20),
(237, 166, 69, 6),
(238, 36, 10, 8),
(239, 159, 35, 4),
(240, 200, 37, 1),
(241, 88, 68, 6),
(242, 79, 88, 16),
(243, 96, 33, 14),
(244, 177, 85, 6),
(245, 65, 82, 16),
(246, 71, 29, 16),
(247, 199, 23, 1),
(248, 42, 43, 1),
(249, 43, 98, 20),
(250, 188, 36, 3),
(251, 101, 93, 11),
(252, 68, 58, 1),
(253, 189, 31, 11),
(254, 174, 10, 4),
(255, 112, 26, 12),
(256, 197, 48, 4),
(257, 22, 49, 11),
(258, 53, 96, 17),
(259, 127, 85, 3),
(260, 41, 8, 15),
(261, 95, 4, 19),
(262, 44, 69, 16),
(263, 38, 56, 6),
(264, 170, 80, 12),
(265, 6, 45, 12),
(266, 69, 86, 5),
(267, 37, 13, 2),
(268, 70, 67, 7),
(269, 105, 23, 5),
(270, 21, 93, 2),
(271, 31, 36, 19),
(272, 80, 73, 1),
(273, 141, 4, 5),
(274, 134, 13, 8),
(275, 137, 5, 6),
(276, 154, 55, 14),
(277, 12, 56, 8),
(278, 12, 22, 10),
(279, 75, 51, 18),
(280, 199, 30, 10),
(281, 176, 12, 19),
(282, 124, 43, 15),
(283, 102, 9, 8),
(284, 22, 19, 19),
(285, 62, 72, 16),
(286, 56, 1, 14),
(287, 197, 22, 18),
(288, 81, 19, 16),
(289, 154, 37, 4),
(290, 45, 89, 13),
(291, 11, 83, 11),
(292, 99, 82, 14),
(293, 198, 20, 4),
(294, 39, 76, 1),
(295, 117, 98, 8),
(296, 157, 90, 4),
(297, 154, 96, 10),
(298, 148, 28, 3),
(299, 27, 70, 14),
(300, 104, 94, 16),
(301, 64, 26, 4),
(302, 100, 73, 1),
(303, 115, 32, 19),
(304, 125, 87, 3),
(305, 84, 12, 12),
(306, 81, 47, 14),
(307, 168, 25, 17),
(308, 150, 97, 6),
(309, 166, 50, 2),
(310, 120, 25, 16),
(311, 146, 52, 16),
(312, 4, 12, 8),
(313, 160, 63, 6),
(314, 187, 78, 3),
(315, 165, 42, 14),
(316, 26, 90, 18),
(317, 183, 7, 13),
(318, 160, 38, 1),
(319, 131, 20, 8),
(320, 66, 77, 12),
(321, 68, 50, 4),
(322, 144, 96, 7),
(323, 141, 59, 5),
(324, 93, 60, 11),
(325, 36, 68, 7),
(326, 162, 21, 19),
(327, 35, 36, 1),
(328, 114, 56, 12),
(329, 7, 76, 8),
(330, 196, 78, 9),
(331, 94, 16, 17),
(332, 170, 50, 3),
(333, 46, 50, 20),
(334, 29, 8, 10),
(335, 191, 6, 5),
(336, 12, 68, 10),
(337, 72, 18, 17),
(338, 122, 29, 18),
(339, 23, 16, 10),
(340, 126, 5, 2),
(341, 124, 42, 6),
(342, 57, 26, 16),
(343, 138, 67, 1),
(344, 186, 71, 10),
(345, 114, 4, 6),
(346, 65, 71, 4),
(347, 25, 37, 8),
(348, 4, 99, 10),
(349, 194, 94, 17),
(350, 2, 43, 12),
(351, 24, 92, 18),
(352, 16, 34, 10),
(353, 192, 2, 17),
(354, 194, 99, 12),
(355, 30, 81, 11),
(356, 59, 34, 10),
(357, 21, 27, 13),
(358, 111, 25, 11),
(359, 56, 25, 18),
(360, 195, 69, 10),
(361, 149, 15, 19),
(362, 105, 33, 19),
(363, 129, 73, 19),
(364, 80, 67, 1),
(365, 136, 79, 7),
(366, 111, 76, 2),
(367, 4, 4, 13),
(368, 147, 6, 18),
(369, 141, 68, 4),
(370, 146, 74, 7),
(371, 193, 22, 8),
(372, 147, 56, 10),
(373, 28, 73, 11),
(374, 195, 71, 4),
(375, 144, 31, 3),
(376, 185, 48, 3),
(377, 95, 80, 2),
(378, 175, 6, 8),
(379, 48, 82, 3),
(380, 95, 16, 14),
(381, 2, 78, 10),
(382, 48, 52, 2),
(383, 115, 68, 19),
(384, 7, 90, 6),
(385, 178, 30, 17),
(386, 85, 74, 18),
(387, 91, 26, 4),
(388, 125, 28, 11),
(389, 86, 26, 4),
(390, 30, 8, 16),
(391, 103, 26, 4),
(392, 181, 74, 9),
(393, 87, 41, 20),
(394, 61, 45, 8),
(395, 62, 8, 1),
(396, 13, 32, 11),
(397, 91, 72, 6),
(398, 108, 58, 10),
(399, 14, 1, 2),
(400, 8, 52, 8),
(401, 190, 12, 2),
(402, 54, 63, 6),
(403, 147, 12, 16),
(404, 138, 48, 8),
(405, 195, 69, 7),
(406, 131, 67, 6),
(407, 28, 12, 12),
(408, 136, 55, 3),
(409, 186, 33, 9),
(410, 60, 31, 8),
(411, 102, 57, 9),
(412, 98, 3, 15),
(413, 145, 95, 16),
(414, 193, 76, 4),
(415, 124, 81, 5),
(416, 18, 29, 3),
(417, 199, 28, 8),
(418, 85, 9, 3),
(419, 91, 44, 20),
(420, 104, 67, 7),
(421, 54, 80, 7),
(422, 8, 47, 14),
(423, 106, 21, 20),
(424, 21, 52, 13),
(425, 141, 8, 18),
(426, 13, 27, 1),
(427, 8, 9, 9),
(428, 22, 5, 15),
(429, 159, 25, 1),
(430, 59, 61, 12),
(431, 121, 10, 5),
(432, 5, 15, 3),
(433, 163, 50, 8),
(434, 113, 89, 3),
(435, 141, 25, 2),
(436, 181, 59, 5),
(437, 107, 7, 20),
(438, 67, 82, 8),
(439, 120, 64, 3),
(440, 118, 48, 6),
(441, 106, 35, 8),
(442, 53, 51, 9),
(443, 197, 57, 9),
(444, 96, 19, 5),
(445, 168, 68, 10),
(446, 26, 6, 20),
(447, 3, 78, 15),
(448, 186, 19, 11),
(449, 121, 42, 15),
(450, 159, 92, 2),
(451, 2, 4, 6),
(452, 72, 27, 18),
(453, 54, 12, 4),
(454, 110, 11, 1),
(455, 60, 8, 18),
(456, 170, 86, 14),
(457, 67, 97, 9),
(458, 104, 45, 16),
(459, 79, 39, 2),
(460, 133, 37, 1),
(461, 139, 81, 17),
(462, 146, 14, 14),
(463, 111, 21, 3),
(464, 15, 51, 20),
(465, 200, 23, 4),
(466, 166, 76, 19),
(467, 32, 88, 19),
(468, 17, 19, 1),
(469, 180, 82, 13),
(470, 180, 26, 10),
(471, 166, 70, 8),
(472, 14, 41, 3),
(473, 31, 21, 3),
(474, 97, 23, 1),
(475, 133, 36, 17),
(476, 73, 62, 1),
(477, 150, 13, 6),
(478, 137, 18, 15),
(479, 139, 61, 4),
(480, 56, 24, 5),
(481, 101, 54, 9),
(482, 23, 51, 20),
(483, 190, 94, 14),
(484, 168, 19, 1),
(485, 49, 98, 15),
(486, 61, 49, 9),
(487, 175, 6, 7),
(488, 170, 37, 4),
(489, 64, 58, 20),
(490, 59, 12, 19),
(491, 140, 98, 11),
(492, 30, 19, 6),
(493, 102, 89, 6),
(494, 39, 25, 2),
(495, 67, 43, 10),
(496, 172, 38, 7),
(497, 17, 11, 17),
(498, 176, 7, 15),
(499, 136, 90, 3),
(500, 32, 73, 12);

-- --------------------------------------------------------

--
-- Estrutura da tabela `usuario`
--

DROP TABLE IF EXISTS `usuario`;
CREATE TABLE IF NOT EXISTS `usuario` (
  `id` int(10) NOT NULL AUTO_INCREMENT,
  `nome` varchar(255) NOT NULL,
  `cpf` varchar(255) NOT NULL,
  `email` varchar(255) NOT NULL,
  `senha` varchar(255) NOT NULL,
  `end` varchar(255) NOT NULL,
  PRIMARY KEY (`id`)
) ENGINE=MyISAM AUTO_INCREMENT=6 DEFAULT CHARSET=latin1;

--
-- Extraindo dados da tabela `usuario`
--

INSERT INTO `usuario` (`id`, `nome`, `cpf`, `email`, `senha`, `end`) VALUES
(1, 'Renato Aquino', '47052267801', 'renato@gmail.com', 'admin', 'rua Durvalino , 176'),
(2, 'Gugu Liberato', '852654495125', 'gugu@sdds.com', 'guguLiberato', 'ceu'),
(3, 'Michael Jackson', '75395148625', 'michael@naomorreu.com', 'tovivo', 'bahia, 666 - proxima a casa do elvis\r\n'),
(4, 'Ana Maria Braga', '36974162458', 'anaMB@gmail.com', 'loroJose@123', 'porjac rio'),
(5, 'Pele', '12398758564', 'reipele@yahoo.com', 'santos@1000gols', 'sla kkk\r\n');

-- --------------------------------------------------------

--
-- Estrutura da tabela `vendas`
--

DROP TABLE IF EXISTS `vendas`;
CREATE TABLE IF NOT EXISTS `vendas` (
  `id` int(10) NOT NULL AUTO_INCREMENT,
  `data` date NOT NULL,
  PRIMARY KEY (`id`)
) ENGINE=MyISAM AUTO_INCREMENT=101 DEFAULT CHARSET=latin1;

--
-- Extraindo dados da tabela `vendas`
--

INSERT INTO `vendas` (`id`, `data`) VALUES
(1, '2018-02-26'),
(2, '2018-06-24'),
(3, '2018-07-15'),
(4, '2019-05-18'),
(5, '2017-03-13'),
(6, '2017-12-10'),
(7, '2019-07-25'),
(8, '2019-06-17'),
(9, '2019-05-28'),
(10, '2017-08-03'),
(11, '2018-02-10'),
(12, '2019-04-28'),
(13, '2018-03-26'),
(14, '2019-10-07'),
(15, '2017-10-26'),
(16, '2019-01-01'),
(17, '2019-10-26'),
(18, '2017-06-04'),
(19, '2018-06-07'),
(20, '2018-05-24'),
(21, '2018-06-10'),
(22, '2017-02-22'),
(23, '2017-02-27'),
(24, '2019-04-11'),
(25, '2017-02-21'),
(26, '2019-03-18'),
(27, '2017-03-15'),
(28, '2018-07-27'),
(29, '2017-12-07'),
(30, '2017-08-25'),
(31, '2019-08-08'),
(32, '2018-09-20'),
(33, '2017-03-19'),
(34, '2018-03-20'),
(35, '2019-10-26'),
(36, '2017-05-24'),
(37, '2017-06-27'),
(38, '2018-04-06'),
(39, '2019-08-09'),
(40, '2017-01-16'),
(41, '2017-10-18'),
(42, '2019-02-14'),
(43, '2018-05-30'),
(44, '2018-11-25'),
(45, '2018-07-14'),
(46, '2017-10-05'),
(47, '2018-06-03'),
(48, '2017-01-20'),
(49, '2018-10-11'),
(50, '2019-04-21'),
(51, '2019-06-16'),
(52, '2018-03-08'),
(53, '2019-04-25'),
(54, '2018-12-28'),
(55, '2018-08-29'),
(56, '2018-12-17'),
(57, '2018-01-30'),
(58, '2017-07-23'),
(59, '2019-05-31'),
(60, '2018-02-07'),
(61, '2018-12-09'),
(62, '2018-12-28'),
(63, '2019-02-06'),
(64, '2018-08-19'),
(65, '2019-08-05'),
(66, '2019-04-23'),
(67, '2017-01-02'),
(68, '2017-04-21'),
(69, '2017-09-20'),
(70, '2017-11-17'),
(71, '2017-12-03'),
(72, '2018-11-28'),
(73, '2017-02-25'),
(74, '2017-06-30'),
(75, '2018-03-17'),
(76, '2019-07-23'),
(77, '2017-11-20'),
(78, '2018-02-17'),
(79, '2019-06-23'),
(80, '2019-04-06'),
(81, '2019-10-22'),
(82, '2017-01-21'),
(83, '2019-04-04'),
(84, '2019-08-27'),
(85, '2018-10-01'),
(86, '2018-03-01'),
(87, '2017-06-08'),
(88, '2019-05-08'),
(89, '2017-08-16'),
(90, '2018-01-28'),
(91, '2017-04-25'),
(92, '2018-09-23'),
(93, '2019-03-05'),
(94, '2019-07-16'),
(95, '2017-08-08'),
(96, '2017-09-17'),
(97, '2017-03-10'),
(98, '2018-12-10'),
(99, '2018-12-03'),
(100, '2019-02-04');
COMMIT;

/*!40101 SET CHARACTER_SET_CLIENT=@OLD_CHARACTER_SET_CLIENT */;
/*!40101 SET CHARACTER_SET_RESULTS=@OLD_CHARACTER_SET_RESULTS */;
/*!40101 SET COLLATION_CONNECTION=@OLD_COLLATION_CONNECTION */;
